campaign,channel,current_budget,recommended_budget,recommendation,priority,reason,report_date,roas_30d,spend_30d,spend_mtd_est,conv_value_30d
Video Views - NO RMKT - NO Product Feed,6,100.0,80.0,Reduce 20% / Pause candidate,1,Zero valoare conversii in 30d.,2026-09-29,0.0,3034.34,2933.19,0.0
June 2024 - Search - Supraveghere - Generic - tROAS + AIMax - test 19.03.26,2,4000.0,3200.0,Reduce 20%,2,ROAS sub 2.5.,2026-09-29,1.62,20076.04,19406.84,32516.47
DGen - Supraveghere,14,1000.0,800.0,Reduce 20%,2,ROAS sub 2.5.,2026-09-29,2.391,6179.44,5973.46,14774.89
DGen - Automatizari + ViewThrough Conversions from 01.07.26,14,750.0,637.5,Reduce 15%,3,ROAS intre 2.5 si 4.0.,2026-09-29,2.544,1407.03,1360.13,3579.49
June 2024 - Search - Automatizari - tROAS + AiMax,2,3000.0,2550.0,Reduce 15%,3,ROAS intre 2.5 si 4.0.,2026-09-29,2.983,4672.37,4516.62,13938.0
June 2024 - Search - Accesorii Supraveghere - tROAS + AiMax,2,3000.0,2550.0,Reduce 15%,3,ROAS intre 2.5 si 4.0.,2026-09-29,2.824,16587.95,16035.02,46842.06
June 2024 - Search - Supraveghere + Brands - tROAS,2,3000.0,2550.0,Reduce 15%,3,ROAS intre 2.5 si 4.0.,2026-09-29,3.66,4232.71,4091.62,15490.42
PMax - New - Alarme antiincendiu,10,1100.0,935.0,Reduce 15%,3,ROAS intre 2.5 si 4.0.,2026-09-29,3.068,20755.61,20063.75,63681.43
DGen - RMKT Only Audiences,14,500.0,425.0,Reduce 15%,3,ROAS intre 2.5 si 4.0.,2026-09-29,3.777,15173.12,14667.35,57306.65
PMax - New - FotoVoltaice/Solare,10,2000.0,1800.0,Reduce 10%,4,ROAS intre 4.0 si 5.0.,2026-09-29,4.311,3485.85,3369.66,15027.74
NEW - DSA - Supraveghere - No Accesories,2,1000.0,900.0,Reduce 10%,4,ROAS intre 4.0 si 5.0.,2026-09-29,4.294,13795.55,13335.7,59236.03
PMax - New - Kituri Supraveghere,10,2500.0,2250.0,Reduce 10%,4,ROAS intre 4.0 si 5.0.,2026-09-29,4.44,29845.88,28851.02,132507.1
PMax - New - Interfoane,10,1800.0,1800.0,Hold / Preventive cap,5,Buget > 5x spend mediu zilnic 30d.,2026-09-29,8.317,10560.51,10208.49,87833.49
PMax - New - Sisteme Alarma,10,1800.0,1800.0,Hold / Preventive cap,5,Buget > 5x spend mediu zilnic 30d.,2026-09-29,10.596,7276.89,7034.33,77109.21
PMax - New - SmartHome,10,2000.0,2000.0,Hold / Preventive cap,5,Buget > 5x spend mediu zilnic 30d.,2026-09-29,8.267,7927.44,7663.19,65532.79
PMax - Purchase - Accesorii,10,3300.0,3300.0,Hold / Preventive cap,5,Buget > 5x spend mediu zilnic 30d.,2026-09-29,8.698,19316.87,18672.97,168015.85
NEW - DSA - Automatizari Porti - No Accesories,2,2000.0,2000.0,Hold / Preventive cap,5,Buget > 5x spend mediu zilnic 30d.,2026-09-29,8.084,2982.47,2883.05,24110.93
PMax - Scule si Unelte,10,4000.0,4000.0,Hold / Preventive cap,5,Buget > 5x spend mediu zilnic 30d.,2026-09-29,8.757,13677.64,13221.72,119781.38
Brand Protect,2,1500.0,1650.0000000000002,Increase up to 10%,6,ROAS > 7.0 si cont sub pacing.,2026-09-29,24.19,10127.98,9790.38,244999.36
Caut Instalare,2,1000.0,1000.0,Hold,6,Date insuficiente: spend_30d sub pragul minim.,2026-09-29,8.574,753.47,728.36,6460.44
PMax - New - Supraveghere Video,10,10000.0,10000.0,Hold,6,Fara trigger de ajustare.,2026-09-29,5.222,103908.74,100445.12,542611.24
PMax - New - Automatizari Porti,10,4500.0,4500.0,Hold,6,Fara trigger de ajustare.,2026-09-29,6.328,48757.84,47132.58,308529.01
PMax - Catch All - Shopping Only - No  Brand - Low tROAS,10,3300.0,3630.0000000000005,Increase up to 10%,6,ROAS > 7.0 si cont sub pacing.,2026-09-29,11.035,27706.64,26783.08,305755.32
June 2024 - Search - Interfoane - tROAS,2,2000.0,2000.0,Hold,6,Date insuficiente: spend_30d sub pragul minim.,2026-09-29,16.616,109.89,106.22,1825.88
June 2024 - Search - Fotovoltaice - tROAS,2,2000.0,2000.0,Hold,6,Date insuficiente: spend_30d sub pragul minim.,2026-09-29,1.121,104.83,101.34,117.55
June 2024 - Search - Alarme - tROAS,2,2000.0,2000.0,Hold,6,Date insuficiente: spend_30d sub pragul minim.,2026-09-29,34.389,96.54,93.32,3319.96
June 2024 - Search - Acces Pontaj - tROAS,2,2000.0,2000.0,Hold,6,Date insuficiente: spend_30d sub pragul minim.,2026-09-29,25.69,63.36,61.25,1627.81
June 2024 - Search - Sonorizari - tROAS,2,1000.0,1000.0,Hold,6,Date insuficiente: spend_30d sub pragul minim.,2026-09-29,0.0,3.23,3.12,0.0
June 2024 - Search - Smart Home - tROAS,2,300.0,300.0,Hold,6,Date insuficiente: spend_30d sub pragul minim.,2026-09-29,0.0,16.0,15.46,0.0
PMax - New - Control Acces,10,1000.0,1100.0,Increase up to 10%,6,ROAS > 7.0 si cont sub pacing.,2026-09-29,9.604,9240.25,8932.24,88744.1
PMax - New - Accesorii Supraveghere,10,3300.0,3630.0000000000005,Increase up to 10%,6,ROAS > 7.0 si cont sub pacing.,2026-09-29,7.602,64537.69,62386.43,490625.87
PMax - New - Sonorizari,10,500.0,550.0,Increase up to 10%,6,ROAS > 7.0 si cont sub pacing.,2026-09-29,7.928,3474.83,3359.0,27548.23
DGen - All other categories,14,600.0,600.0,Hold,6,Fara trigger de ajustare.,2026-09-29,5.345,7472.96,7223.86,39946.18
PMax - Poor Products - Shopping - LOW ROAS,10,1400.0,1540.0000000000002,Increase up to 10%,6,ROAS > 7.0 si cont sub pacing.,2026-09-29,10.649,29781.35,28788.64,317152.05
DGen - RMKT - BF Promo,14,600.0,600.0,Hold,6,Date insuficiente: spend_30d sub pragul minim.,2026-09-29,0.0,0.0,0.0,0.0
PMax - Promo BF 2025 - Shopping Only,10,1800.0,1800.0,Hold,6,Date insuficiente: spend_30d sub pragul minim.,2026-09-29,0.0,0.0,0.0,0.0
PMax - Top Products last 14 days - Feed Only,10,2000.0,2000.0,Hold,6,Fara trigger de ajustare.,2026-09-29,6.536,34113.07,32975.97,222955.41
DGen - Promo - NO RMKT - tROAS - PUR,14,300.0,300.0,Hold,6,Date insuficiente: spend_30d sub pragul minim.,2026-09-29,0.0,0.0,0.0,0.0
PMax - Promotii - Full Assets - Male - 25 to 55,10,500.0,500.0,Hold,6,Fara trigger de ajustare.,2026-09-29,6.565,16167.2,15628.29,106140.5
