report_date,category,campaign_count,source_campaigns,daily_budget_total,spend_mtd_est,spend_30d,conv_value_30d,roas_30d
2026-09-28,camere ip wireless,8,DGen - RMKT Only Audiences | DGen - Supraveghere | PMax - Catch All - Shopping Only - No  Brand - Low tROAS | PMax - New - Supraveghere Video | PMax - Poor Products - Shopping - LOW ROAS | PMax - Promotii - Full Assets - Male - 25 to 55 | PMax - Top Products last 14 days - Feed Only | Video Views - NO RMKT - NO Product Feed,18800.0,60715.41,65052.22,338917.13,5.21
2026-09-28,porti culisante,7,DGen - Automatizari + ViewThrough Conversions from 01.07.26 | DGen - RMKT Only Audiences | PMax - Catch All - Shopping Only - No  Brand - Low tROAS | PMax - New - Automatizari Porti | PMax - Poor Products - Shopping - LOW ROAS | PMax - Promotii - Full Assets - Male - 25 to 55 | PMax - Top Products last 14 days - Feed Only,12950.0,32670.04,35003.62,269080.22,7.687
2026-09-28,camere ip,8,DGen - RMKT Only Audiences | DGen - Supraveghere | PMax - Catch All - Shopping Only - No  Brand - Low tROAS | PMax - New - Supraveghere Video | PMax - Poor Products - Shopping - LOW ROAS | PMax - Promotii - Full Assets - Male - 25 to 55 | PMax - Top Products last 14 days - Feed Only | Video Views - NO RMKT - NO Product Feed,18800.0,24230.05,25960.77,134046.32,5.163
2026-09-28,rack si ups,5,DGen - RMKT Only Audiences | PMax - Catch All - Shopping Only - No  Brand - Low tROAS | PMax - New - Accesorii Supraveghere | PMax - Poor Products - Shopping - LOW ROAS | PMax - Promotii - Full Assets - Male - 25 to 55,9000.0,23541.75,25223.31,161844.29,6.416
2026-09-28,porti batante,7,DGen - Automatizari + ViewThrough Conversions from 01.07.26 | DGen - RMKT Only Audiences | PMax - Catch All - Shopping Only - No  Brand - Low tROAS | PMax - New - Automatizari Porti | PMax - Poor Products - Shopping - LOW ROAS | PMax - Promotii - Full Assets - Male - 25 to 55 | PMax - Top Products last 14 days - Feed Only,12950.0,21012.84,22513.75,150735.54,6.695
2026-09-28,cabluri supraveghere,5,DGen - RMKT Only Audiences | PMax - Catch All - Shopping Only - No  Brand - Low tROAS | PMax - New - Accesorii Supraveghere | PMax - Poor Products - Shopping - LOW ROAS | PMax - Promotii - Full Assets - Male - 25 to 55,9000.0,15033.9,16107.75,141998.74,8.816
2026-09-28,camere ip profesionale,8,DGen - RMKT Only Audiences | DGen - Supraveghere | PMax - Catch All - Shopping Only - No  Brand - Low tROAS | PMax - New - Supraveghere Video | PMax - Poor Products - Shopping - LOW ROAS | PMax - Promotii - Full Assets - Male - 25 to 55 | PMax - Top Products last 14 days - Feed Only | Video Views - NO RMKT - NO Product Feed,18800.0,14932.68,15999.3,72659.91,4.541
2026-09-28,alimentatori si surse,5,DGen - RMKT Only Audiences | PMax - Catch All - Shopping Only - No  Brand - Low tROAS | PMax - New - Accesorii Supraveghere | PMax - Poor Products - Shopping - LOW ROAS | PMax - Promotii - Full Assets - Male - 25 to 55,9000.0,13605.05,14576.84,143088.6,9.816
2026-09-28,scule electrice,5,DGen - All other categories | PMax - Catch All - Shopping Only - No  Brand - Low tROAS | PMax - Poor Products - Shopping - LOW ROAS | PMax - Scule si Unelte | PMax - Top Products last 14 days - Feed Only,11300.0,12644.59,13547.78,116579.05,8.605
2026-09-28,accesorii alarme,6,DGen - RMKT Only Audiences | PMax - Catch All - Shopping Only - No  Brand - Low tROAS | PMax - Poor Products - Shopping - LOW ROAS | PMax - Promotii - Full Assets - Male - 25 to 55 | PMax - Purchase - Accesorii | PMax - Top Products last 14 days - Feed Only,11000.0,12044.72,12905.05,83354.23,6.459
2026-09-28,videointerfon,7,DGen - All other categories | DGen - RMKT Only Audiences | PMax - Catch All - Shopping Only - No  Brand - Low tROAS | PMax - New - Interfoane | PMax - Poor Products - Shopping - LOW ROAS | PMax - Promotii - Full Assets - Male - 25 to 55 | PMax - Top Products last 14 days - Feed Only,10100.0,10479.87,11228.43,80041.84,7.128
2026-09-28,dispozitive smart home,7,DGen - All other categories | DGen - RMKT Only Audiences | PMax - Catch All - Shopping Only - No  Brand - Low tROAS | PMax - New - SmartHome | PMax - Poor Products - Shopping - LOW ROAS | PMax - Promotii - Full Assets - Male - 25 to 55 | PMax - Top Products last 14 days - Feed Only,10300.0,9965.66,10677.49,77245.98,7.234
2026-09-28,camere supraveghere exterior,8,DGen - RMKT Only Audiences | DGen - Supraveghere | PMax - Catch All - Shopping Only - No  Brand - Low tROAS | PMax - New - Supraveghere Video | PMax - Poor Products - Shopping - LOW ROAS | PMax - Promotii - Full Assets - Male - 25 to 55 | PMax - Top Products last 14 days - Feed Only | Video Views - NO RMKT - NO Product Feed,18800.0,9670.82,10361.59,64795.02,6.253
2026-09-28,hard disk-uri,3,PMax - Catch All - Shopping Only - No  Brand - Low tROAS | PMax - New - Accesorii Supraveghere | PMax - Poor Products - Shopping - LOW ROAS,8000.0,8615.39,9230.78,69901.47,7.573
2026-09-28,echipamente retea,5,DGen - RMKT Only Audiences | PMax - Catch All - Shopping Only - No  Brand - Low tROAS | PMax - Poor Products - Shopping - LOW ROAS | PMax - Promotii - Full Assets - Male - 25 to 55 | PMax - Top Products last 14 days - Feed Only,7700.0,8167.55,8750.95,84145.95,9.616
2026-09-28,camere auto,5,DGen - RMKT Only Audiences | PMax - Catch All - Shopping Only - No  Brand - Low tROAS | PMax - Poor Products - Shopping - LOW ROAS | PMax - Top Products last 14 days - Feed Only | Video Views - NO RMKT - NO Product Feed,7300.0,7221.46,7737.28,81868.48,10.581
2026-09-28,accesorii automatizari porti,5,DGen - RMKT Only Audiences | PMax - Catch All - Shopping Only - No  Brand - Low tROAS | PMax - Poor Products - Shopping - LOW ROAS | PMax - Promotii - Full Assets - Male - 25 to 55 | PMax - Purchase - Accesorii,9000.0,7095.82,7602.66,91145.46,11.989
2026-09-28,"senzori fum, gaz, standalone",6,DGen - All other categories | DGen - RMKT Only Audiences | PMax - Catch All - Shopping Only - No  Brand - Low tROAS | PMax - New - Alarme antiincendiu | PMax - Poor Products - Shopping - LOW ROAS | PMax - Top Products last 14 days - Feed Only,8900.0,5996.99,6425.34,23839.17,3.71
2026-09-28,sisteme fotovoltaice,5,DGen - All other categories | PMax - Catch All - Shopping Only - No  Brand - Low tROAS | PMax - New - FotoVoltaice/Solare | PMax - Poor Products - Shopping - LOW ROAS | PMax - Top Products last 14 days - Feed Only,9300.0,5927.05,6350.41,47576.72,7.492
2026-09-28,scule de mana,5,DGen - All other categories | PMax - Catch All - Shopping Only - No  Brand - Low tROAS | PMax - Poor Products - Shopping - LOW ROAS | PMax - Scule si Unelte | PMax - Top Products last 14 days - Feed Only,11300.0,5608.13,6008.71,56749.59,9.445
2026-09-28,inchizatori electro-mecanice,4,DGen - All other categories | PMax - Catch All - Shopping Only - No  Brand - Low tROAS | PMax - New - Control Acces | PMax - Poor Products - Shopping - LOW ROAS,6300.0,4943.91,5297.05,52574.86,9.925
2026-09-28,antiincendiu adresabil,4,DGen - All other categories | PMax - Catch All - Shopping Only - No  Brand - Low tROAS | PMax - New - Alarme antiincendiu | PMax - Poor Products - Shopping - LOW ROAS,6400.0,4851.07,5197.57,15052.7,2.896
2026-09-28,sisteme de alarma wireless,5,DGen - All other categories | DGen - RMKT Only Audiences | PMax - Catch All - Shopping Only - No  Brand - Low tROAS | PMax - New - Sisteme Alarma | PMax - Top Products last 14 days - Feed Only,8200.0,4674.35,5008.23,44382.03,8.862
2026-09-28,antiincendiu conventional,5,DGen - All other categories | PMax - Catch All - Shopping Only - No  Brand - Low tROAS | PMax - New - Alarme antiincendiu | PMax - Poor Products - Shopping - LOW ROAS | PMax - Top Products last 14 days - Feed Only,8400.0,4177.06,4475.42,13772.26,3.077
2026-09-28,monitoare,3,PMax - Catch All - Shopping Only - No  Brand - Low tROAS | PMax - New - Accesorii Supraveghere | PMax - Poor Products - Shopping - LOW ROAS,8000.0,3736.39,4003.28,23479.21,5.865
2026-09-28,sonerie,5,DGen - RMKT Only Audiences | PMax - Catch All - Shopping Only - No  Brand - Low tROAS | PMax - New - Interfoane | PMax - Poor Products - Shopping - LOW ROAS | PMax - Top Products last 14 days - Feed Only,9000.0,3373.45,3614.41,25363.14,7.017
2026-09-28,camere supraveghere interior,8,DGen - RMKT Only Audiences | DGen - Supraveghere | PMax - Catch All - Shopping Only - No  Brand - Low tROAS | PMax - New - Supraveghere Video | PMax - Poor Products - Shopping - LOW ROAS | PMax - Promotii - Full Assets - Male - 25 to 55 | PMax - Top Products last 14 days - Feed Only | Video Views - NO RMKT - NO Product Feed,18800.0,3074.74,3294.37,15312.51,4.648
2026-09-28,video balun si mufe,4,PMax - Catch All - Shopping Only - No  Brand - Low tROAS | PMax - New - Accesorii Supraveghere | PMax - Poor Products - Shopping - LOW ROAS | PMax - Promotii - Full Assets - Male - 25 to 55,8500.0,2863.66,3068.2,22567.79,7.355
2026-09-28,sisteme alarma cablu,5,DGen - All other categories | DGen - RMKT Only Audiences | PMax - Catch All - Shopping Only - No  Brand - Low tROAS | PMax - New - Sisteme Alarma | PMax - Poor Products - Shopping - LOW ROAS,7600.0,2812.7,3013.6,36464.62,12.1
2026-09-28,sonorizare 4-8-16 ohmi,5,DGen - All other categories | PMax - Catch All - Shopping Only - No  Brand - Low tROAS | PMax - New - Sonorizari | PMax - Poor Products - Shopping - LOW ROAS | PMax - Top Products last 14 days - Feed Only,7800.0,2778.25,2976.69,17218.1,5.784
2026-09-28,centrale si dispozitive stand-alone,6,DGen - All other categories | DGen - RMKT Only Audiences | PMax - Catch All - Shopping Only - No  Brand - Low tROAS | PMax - New - Control Acces | PMax - Poor Products - Shopping - LOW ROAS | PMax - Promotii - Full Assets - Male - 25 to 55,7300.0,2712.48,2906.23,25084.55,8.631
2026-09-28,GoogleCategoryID 127,5,DGen - Automatizari + ViewThrough Conversions from 01.07.26 | DGen - RMKT Only Audiences | PMax - Poor Products - Shopping - LOW ROAS | PMax - Promotii - Full Assets - Male - 25 to 55 | PMax - Purchase - Accesorii,6450.0,2675.05,2866.13,28516.63,9.95
2026-09-28,accesorii,5,DGen - RMKT Only Audiences | PMax - Catch All - Shopping Only - No  Brand - Low tROAS | PMax - Poor Products - Shopping - LOW ROAS | PMax - Purchase - Accesorii | PMax - Top Products last 14 days - Feed Only,10500.0,2346.13,2513.71,16705.37,6.646
2026-09-28,usi de garaj,6,DGen - Automatizari + ViewThrough Conversions from 01.07.26 | PMax - Catch All - Shopping Only - No  Brand - Low tROAS | PMax - New - Automatizari Porti | PMax - Poor Products - Shopping - LOW ROAS | PMax - Promotii - Full Assets - Male - 25 to 55 | PMax - Top Products last 14 days - Feed Only,12450.0,2263.31,2424.97,14019.54,5.781
2026-09-28,bariera si sistem parcare,6,DGen - Automatizari + ViewThrough Conversions from 01.07.26 | DGen - RMKT Only Audiences | PMax - Catch All - Shopping Only - No  Brand - Low tROAS | PMax - New - Automatizari Porti | PMax - Poor Products - Shopping - LOW ROAS | PMax - Promotii - Full Assets - Male - 25 to 55,10950.0,2256.85,2418.06,32973.58,13.636
2026-09-28,accesorii control acces,5,DGen - RMKT Only Audiences | PMax - Catch All - Shopping Only - No  Brand - Low tROAS | PMax - New - Control Acces | PMax - Poor Products - Shopping - LOW ROAS | PMax - Promotii - Full Assets - Male - 25 to 55,6700.0,2239.54,2399.51,26706.65,11.13
2026-09-28,automatizari ferestre,5,DGen - Automatizari + ViewThrough Conversions from 01.07.26 | DGen - RMKT Only Audiences | PMax - Catch All - Shopping Only - No  Brand - Low tROAS | PMax - New - Automatizari Porti | PMax - Poor Products - Shopping - LOW ROAS,10450.0,2211.64,2369.61,16732.51,7.061
2026-09-28,dvr,5,DGen - RMKT Only Audiences | PMax - Catch All - Shopping Only - No  Brand - Low tROAS | PMax - Poor Products - Shopping - LOW ROAS | PMax - Promotii - Full Assets - Male - 25 to 55 | PMax - Top Products last 14 days - Feed Only,7700.0,2112.61,2263.51,31393.86,13.87
2026-09-28,nvr-uri,5,DGen - RMKT Only Audiences | PMax - Catch All - Shopping Only - No  Brand - Low tROAS | PMax - Promotii - Full Assets - Male - 25 to 55 | PMax - Top Products last 14 days - Feed Only | Video Views - NO RMKT - NO Product Feed,6400.0,2073.78,2221.91,25949.45,11.679
2026-09-28,aparate de masura,5,DGen - RMKT Only Audiences | PMax - Catch All - Shopping Only - No  Brand - Low tROAS | PMax - Poor Products - Shopping - LOW ROAS | PMax - Promotii - Full Assets - Male - 25 to 55 | PMax - Scule si Unelte,9700.0,1855.62,1988.16,12023.45,6.048
2026-09-28,echipamente fibra optica,5,DGen - RMKT Only Audiences | PMax - Catch All - Shopping Only - No  Brand - Low tROAS | PMax - Poor Products - Shopping - LOW ROAS | PMax - Promotii - Full Assets - Male - 25 to 55 | PMax - Top Products last 14 days - Feed Only,7700.0,1669.11,1788.33,17789.34,9.947
2026-09-28,pc si multimedia,5,DGen - RMKT Only Audiences | PMax - Catch All - Shopping Only - No  Brand - Low tROAS | PMax - Poor Products - Shopping - LOW ROAS | PMax - Promotii - Full Assets - Male - 25 to 55 | PMax - Top Products last 14 days - Feed Only,7700.0,1646.49,1764.09,8929.07,5.062
2026-09-28,interfon,5,DGen - All other categories | PMax - Catch All - Shopping Only - No  Brand - Low tROAS | PMax - New - Interfoane | PMax - Poor Products - Shopping - LOW ROAS | PMax - Top Products last 14 days - Feed Only,9100.0,1333.01,1428.22,8334.04,5.835
2026-09-28,kituri supraveghere,3,DGen - Supraveghere | PMax - Catch All - Shopping Only - No  Brand - Low tROAS | PMax - New - Kituri Supraveghere,6800.0,1219.53,1306.64,4062.12,3.109
2026-09-28,"dulap scule, depozitare scule",3,PMax - Catch All - Shopping Only - No  Brand - Low tROAS | PMax - Poor Products - Shopping - LOW ROAS | PMax - Scule si Unelte,8700.0,1189.38,1274.33,12830.5,10.068
2026-09-28,sonorizare pa 100v,5,DGen - All other categories | PMax - Catch All - Shopping Only - No  Brand - Low tROAS | PMax - New - Sonorizari | PMax - Poor Products - Shopping - LOW ROAS | PMax - Top Products last 14 days - Feed Only,7800.0,1048.46,1123.35,11304.49,10.063
2026-09-28,scule si unelte pentru gradinarit,3,PMax - Catch All - Shopping Only - No  Brand - Low tROAS | PMax - Poor Products - Shopping - LOW ROAS | PMax - Scule si Unelte,8700.0,1018.86,1091.63,5869.52,5.377
2026-09-28,accesorii si consumabile,2,PMax - Catch All - Shopping Only - No  Brand - Low tROAS | PMax - Poor Products - Shopping - LOW ROAS,4700.0,922.16,988.03,12190.81,12.339
2026-09-28,GoogleCategoryID 7261,1,PMax - Poor Products - Shopping - LOW ROAS,1400.0,882.71,945.76,3351.56,3.544
2026-09-28,GoogleCategoryID 142,1,PMax - Poor Products - Shopping - LOW ROAS,1400.0,778.24,833.82,4122.26,4.944
2026-09-28,microfoane,5,DGen - All other categories | PMax - Catch All - Shopping Only - No  Brand - Low tROAS | PMax - New - Sonorizari | PMax - Poor Products - Shopping - LOW ROAS | PMax - Top Products last 14 days - Feed Only,7800.0,744.09,797.24,10125.94,12.701
2026-09-28,sisteme sonorizare home,5,DGen - All other categories | PMax - Catch All - Shopping Only - No  Brand - Low tROAS | PMax - New - Sonorizari | PMax - Poor Products - Shopping - LOW ROAS | PMax - Top Products last 14 days - Feed Only,7800.0,577.25,618.48,2652.04,4.288
2026-09-28,kit-uri de sonorizare,5,DGen - All other categories | PMax - Catch All - Shopping Only - No  Brand - Low tROAS | PMax - New - Sonorizari | PMax - Poor Products - Shopping - LOW ROAS | PMax - Top Products last 14 days - Feed Only,7800.0,570.81,611.58,2659.95,4.349
2026-09-28,cititoare control acces,3,DGen - All other categories | PMax - Catch All - Shopping Only - No  Brand - Low tROAS | PMax - New - Control Acces,4900.0,536.48,574.8,1647.98,2.867
2026-09-28,GoogleCategoryID 1167,1,PMax - Poor Products - Shopping - LOW ROAS,1400.0,532.39,570.42,4651.63,8.155
2026-09-28,echipamente telecomunicatii,1,PMax - Catch All - Shopping Only - No  Brand - Low tROAS,3300.0,445.52,477.34,2251.34,4.716
2026-09-28,alte aplicatii de control acces,3,DGen - All other categories | PMax - Catch All - Shopping Only - No  Brand - Low tROAS | PMax - New - Control Acces,4900.0,374.87,401.64,2222.71,5.534
2026-09-28,automatizari usi glisante,3,DGen - Automatizari + ViewThrough Conversions from 01.07.26 | PMax - Catch All - Shopping Only - No  Brand - Low tROAS | PMax - New - Automatizari Porti,8550.0,339.87,364.14,768.29,2.11
2026-09-28,siguranta muncii,2,PMax - Catch All - Shopping Only - No  Brand - Low tROAS | PMax - Poor Products - Shopping - LOW ROAS,4700.0,335.19,359.13,1926.74,5.365
2026-09-28,accesorii interfon si videointerfon,2,PMax - Catch All - Shopping Only - No  Brand - Low tROAS | PMax - Purchase - Accesorii,6600.0,311.65,333.91,1460.65,4.374
2026-09-28,pergole si mobilier gradina,2,PMax - Catch All - Shopping Only - No  Brand - Low tROAS | PMax - Poor Products - Shopping - LOW ROAS,4700.0,306.79,328.71,21479.49,65.345
2026-09-28,GoogleCategoryID 2082,2,PMax - Poor Products - Shopping - LOW ROAS | PMax - Promotii - Full Assets - Male - 25 to 55,1900.0,264.37,283.26,25.85,0.091
2026-09-28,GoogleCategoryID 594,2,DGen - RMKT Only Audiences | PMax - Poor Products - Shopping - LOW ROAS,1900.0,259.57,278.11,3176.4,11.421
2026-09-28,pontaj electronic,3,DGen - All other categories | PMax - Catch All - Shopping Only - No  Brand - Low tROAS | PMax - New - Control Acces,4900.0,199.91,214.19,1684.94,7.867
2026-09-28,cabluri si conectori audio,1,PMax - Catch All - Shopping Only - No  Brand - Low tROAS,3300.0,179.93,192.78,1124.38,5.832
2026-09-28,GoogleCategoryID 223,1,PMax - Poor Products - Shopping - LOW ROAS,1400.0,70.84,75.9,1.08,0.014
2026-09-28,GoogleCategoryID 2096,1,PMax - Poor Products - Shopping - LOW ROAS,1400.0,68.46,73.35,1195.72,16.301
2026-09-28,GoogleCategoryID 115,1,PMax - Poor Products - Shopping - LOW ROAS,1400.0,50.01,53.58,447.99,8.361
2026-09-28,GoogleCategoryID 1679,1,PMax - Poor Products - Shopping - LOW ROAS,1400.0,30.1,32.25,404.5,12.544
2026-09-28,camere politie - body camera,1,PMax - Catch All - Shopping Only - No  Brand - Low tROAS,3300.0,27.99,29.99,0.0,0.0
2026-09-28,GoogleCategoryID 855,1,PMax - Poor Products - Shopping - LOW ROAS,1400.0,26.2,28.07,0.0,0.0
2026-09-28,sisteme audio ip,2,PMax - Catch All - Shopping Only - No  Brand - Low tROAS | PMax - New - Sonorizari,3800.0,25.99,27.85,0.0,0.0
