campaign,channel,status,daily_budget,spend_7d,spend_30d,conv_value_7d,conv_value_30d
Brand Protect,2,2,1500.0,2387.57,10232.43,56059.6,240255.42
Caut Instalare,2,2,1000.0,175.11,750.46,1494.92,6406.78
PMax - New - Supraveghere Video,10,2,10000.0,24459.54,104826.62,125209.77,536613.29
PMax - New - FotoVoltaice/Solare,10,2,2000.0,816.94,3501.18,5056.86,21672.27
PMax - New - Automatizari Porti,10,2,4500.0,11560.18,49543.61,73856.06,316525.95
PMax - New - Interfoane,10,2,1800.0,2335.09,10007.53,20738.2,88878.01
PMax - New - Sisteme Alarma,10,2,1800.0,1707.26,7316.85,15925.03,68250.15
PMax - New - SmartHome,10,2,2000.0,1831.7,7850.16,16177.25,69331.05
PMax - Purchase - Accesorii,10,2,3300.0,4560.62,19545.53,41739.55,178883.79
NEW - DSA - Supraveghere - No Accesories,2,2,1000.0,3118.07,13363.16,13805.89,59168.1
NEW - DSA - Automatizari Porti - No Accesories,2,2,2000.0,690.36,2958.67,5074.78,21749.08
DGen - Automatizari + ViewThrough Conversions from 01.07.26,14,2,750.0,309.44,1326.19,797.82,3419.25
June 2024 - Search - Automatizari - tROAS + AiMax,2,2,3000.0,1091.81,4679.21,3686.19,15797.98
PMax - Catch All - Shopping Only - No  Brand - Low tROAS,10,2,3300.0,6480.05,27771.63,69772.25,299023.92
June 2024 - Search - Accesorii Supraveghere - tROAS + AiMax,2,2,3000.0,3617.7,15504.43,10426.36,44684.42
June 2024 - Search - Supraveghere + Brands - tROAS,2,2,3000.0,953.75,4087.49,2905.75,12453.23
June 2024 - Search - Supraveghere - Generic - tROAS + AIMax - test 19.03.26,2,2,4000.0,4219.22,18082.36,7589.99,32528.53
June 2024 - Search - Interfoane - tROAS,2,2,2000.0,25.07,107.46,426.04,1825.88
June 2024 - Search - Fotovoltaice - tROAS,2,2,2000.0,22.45,96.23,27.43,117.55
June 2024 - Search - Alarme - tROAS,2,2,2000.0,23.41,100.34,774.66,3319.96
June 2024 - Search - Acces Pontaj - tROAS,2,2,2000.0,14.44,61.87,172.66,739.98
June 2024 - Search - Sonorizari - tROAS,2,2,1000.0,0.75,3.23,0.0,0.0
June 2024 - Search - Smart Home - tROAS,2,2,300.0,5.21,22.34,0.0,0.0
PMax - New - Alarme antiincendiu,10,2,1100.0,4532.08,19423.2,15190.44,65101.88
PMax - New - Control Acces,10,2,1000.0,2251.31,9648.48,21837.21,93588.03
PMax - New - Accesorii Supraveghere,10,2,3300.0,15615.9,66925.29,121625.74,521253.19
PMax - New - Kituri Supraveghere,10,2,2500.0,7111.11,30476.19,31867.85,136576.51
PMax - New - Sonorizari,10,2,500.0,839.4,3597.41,7096.9,30415.27
DGen - All other categories,14,2,600.0,1657.51,7103.59,6475.54,27752.33
DGen - Supraveghere,14,2,1000.0,1206.91,5172.49,2582.32,11067.08
PMax - Scule si Unelte,10,2,4000.0,3222.02,13808.66,27665.27,118565.44
PMax - Poor Products - Shopping - LOW ROAS,10,2,1400.0,7149.88,30642.35,73251.32,313934.23
DGen - RMKT - BF Promo,14,2,600.0,0.0,0.0,0.0,0.0
PMax - Promo BF 2025 - Shopping Only,10,2,1800.0,0.0,0.0,0.0,0.0
PMax - Top Products last 14 days - Feed Only,10,2,2000.0,7745.14,33193.46,49131.4,210563.13
DGen - Promo - NO RMKT - tROAS - PUR,14,2,300.0,0.0,0.0,0.0,0.0
Video Views - NO RMKT - NO Product Feed,6,2,100.0,709.44,3040.46,0.0,0.0
PMax - Promotii - Full Assets - Male - 25 to 55,10,2,500.0,3859.79,16541.96,26463.68,113415.76
DGen - RMKT Only Audiences,14,2,500.0,3546.91,15201.04,15335.18,65722.22
